Equipo,Municipio,Sección,Sexo,Edad,Ocupación,"31. Si el día de hoy fueran las elecciones para elegir la presidencia municipal, ¿por cuál de los siguientes partidos votaría?","32. Si el día de hoy fueran las elecciones para elegir la presidencia municipal, ¿por cuál de los siguientes partidos NUNCA votaría?","33. Si el día de hoy fueran las elecciones para elegir la diputación por el distrito 12, ¿por cuál de los siguientes partidos votaría?","34. Si el día de hoy fueran las elecciones para elegir la diputación por el distrito 12, ¿por cuál de los siguientes partidos NUNCA votaría?",_Capturar ubicación GPS_latitude,_Capturar ubicación GPS_longitude,_id,_submitted_by
EQUIPO 4,ZAPOPAN,3640,Hombre,67,Trabajador/a,PAN,Aún no decide,PAN,Aún no decide,20.6236199,-103.4560949,115379,user186
EQUIPO 4,ZAPOPAN,3640,Hombre,53,Trabajador/a,Aún no decide,Aún no decide,Aún no decide,Aún no decide,20.6238107,-103.4564266,115380,user161
EQUIPO 4,ZAPOPAN,3640,Mujer,39,Trabajador/a,MOVIMIENTO CIUDADANO,MORENA,PAN,MORENA,20.6240923,-103.4560116,115381,user161
EQUIPO 4,ZAPOPAN,3640,Mujer,25,Cuidado del hogar,PRI,No contestó,PRI,Ninguno,20.6236212,-103.4558714,115382,user161
EQUIPO 4,ZAPOPAN,3640,Mujer,45,Trabajador/a,MOVIMIENTO CIUDADANO,PRI,MOVIMIENTO CIUDADANO,PRI,20.6234554,-103.4556247,115383,user161
EQUIPO 4,ZAPOPAN,3640,Mujer,58,Cuidado del hogar,Ninguno,PRI,No contestó,Ninguno,20.6229415,-103.4565465,115384,user98
EQUIPO 4,ZAPOPAN,3640,Mujer,30,Trabajador/a,MORENA,PAN,MORENA,PRI,20.6224396,-103.4562262,115385,user98
EQUIPO 4,ZAPOPAN,3640,Mujer,41,Trabajador/a,PAN,PRI,PAN,PRI,20.6225668,-103.4560881,115386,user98
EQUIPO 4,ZAPOPAN,3640,Hombre,34,Trabajador/a,PAN,PRI,PAN,PRI,20.6235441,-103.4564039,115387,user98
EQUIPO 2,TLAJOMULCO DE ZUÑIGA,2457,Mujer,59,Cuidado del hogar,MORENA,PRI,,,20.4813642,-103.5051275,115388,user149
EQUIPO 4,ZAPOPAN,3640,Hombre,78,Jubilado/a – pensionado/a,PAN,MORENA,PAN,PAN,20.6232665,-103.4560957,115389,user136
EQUIPO 4,ZAPOPAN,3640,Mujer,50,Trabajador/a,Aún no decide,PAN,Ninguno,Ninguno,20.6226875,-103.4566825,115390,user136
EQUIPO 4,ZAPOPAN,3640,Mujer,62,Cuidado del hogar,PAN,MORENA,PAN,MORENA,20.6229204,-103.4579054,115391,user136
EQUIPO 4,ZAPOPAN,3640,Mujer,70,Cuidado del hogar,MORENA,PRI,PAN,PARTIDO VERDE,20.6241086,-103.458385,115392,user136
EQUIPO 2,TLAJOMULCO DE ZUÑIGA,2457,Mujer,64,Cuidado del hogar,Aún no decide,Aún no decide,,,20.4805745,-103.5051602,115393,user138
EQUIPO 2,TLAJOMULCO DE ZUÑIGA,2457,Mujer,46,Trabajador/a,Ninguno,Ninguno,,,20.4811254,-103.5052086,115394,user138
EQUIPO 2,TLAJOMULCO DE ZUÑIGA,2457,Mujer,64,Trabajador/a,Aún no decide,Aún no decide,,,20.4800728,-103.5053341,115395,user140
EQUIPO 2,TLAJOMULCO DE ZUÑIGA,2457,Mujer,65,Cuidado del hogar,MORENA,PRI,,,20.480137,-103.5055808,115396,user140
EQUIPO 2,TLAJOMULCO DE ZUÑIGA,2457,Mujer,66,Trabajador/a,MORENA,PRI,,,20.4808658,-103.5046333,115397,user144
EQUIPO 2,TLAJOMULCO DE ZUÑIGA,2457,Mujer,73,Cuidado del hogar,No contestó,No contestó,,,20.4812467,-103.5051277,115398,user144
EQUIPO 2,TLAJOMULCO DE ZUÑIGA,2457,Hombre,65,Trabajador/a,MORENA,PRI,,,20.4811138,-103.5052348,115399,user91
EQUIPO 3,TLAJOMULCO DE ZUÑIGA,3470,Mujer,61,Trabajador/a,MOVIMIENTO CIUDADANO,MOVIMIENTO CIUDADANO,,,20.5271596,-103.4029902,115400,user83
EQUIPO 3,TLAJOMULCO DE ZUÑIGA,3470,Mujer,44,Trabajador/a,Ninguno,Aún no decide,,,20.5275939,-103.4024526,115401,user83
EQUIPO 3,TLAJOMULCO DE ZUÑIGA,3470,Hombre,40,Trabajador/a,MORENA,PAN,,,20.5276427,-103.4022769,115402,user83
EQUIPO 3,TLAJOMULCO DE ZUÑIGA,3470,Mujer,35,Trabajador/a,MORENA,PARTIDO DEL TRABAJO,,,20.5272999,-103.4037229,115403,user82
EQUIPO 3,TLAJOMULCO DE ZUÑIGA,3470,Hombre,70,Jubilado/a – pensionado/a,MORENA,PRI,,,20.5272876,-103.4037047,115404,user82
EQUIPO 3,TLAJOMULCO DE ZUÑIGA,3470,Mujer,50,Cuidado del hogar,Aún no decide,Ninguno,,,20.5270577,-103.4037987,115405,user82
EQUIPO 3,TLAJOMULCO DE ZUÑIGA,3470,Hombre,64,Jubilado/a – pensionado/a,Aún no decide,MOVIMIENTO CIUDADANO,,,20.5272028,-103.4036638,115406,user141
EQUIPO 2,TLAJOMULCO DE ZUÑIGA,2457,Hombre,33,Trabajador/a,No contestó,PRI,,,20.4804703,-103.5051993,115407,user138
EQUIPO 2,TLAJOMULCO DE ZUÑIGA,2457,Mujer,48,Cuidado del hogar,MOVIMIENTO CIUDADANO,MORENA,,,20.4799999,-103.5045648,115408,user140
EQUIPO 3,TLAJOMULCO DE ZUÑIGA,3470,Hombre,66,Jubilado/a – pensionado/a,MORENA,PRI,,,20.5274605,-103.4033398,115409,user193
EQUIPO 3,TLAJOMULCO DE ZUÑIGA,3470,Mujer,46,Trabajador/a,No contestó,No contestó,,,20.5272926,-103.4032541,115410,user193
EQUIPO 3,TLAJOMULCO DE ZUÑIGA,3470,Hombre,41,Trabajador/a,PAN,MORENA,,,20.5268601,-103.4033594,115411,user193
EQUIPO 3,TLAJOMULCO DE ZUÑIGA,3470,Hombre,36,Trabajador/a,MORENA,PRI,,,20.5291447,-103.4025851,115412,user141
EQUIPO 2,TLAJOMULCO DE ZUÑIGA,2457,Mujer,21,Estudiante,Aún no decide,Aún no decide,,,20.4808987,-103.505587,115413,user91
EQUIPO 1,TLAJOMULCO DE ZUÑIGA,2441,Mujer,35,Trabajador/a,Ninguno,PAN,,,20.4742445,-103.4490291,115414,user75
EQUIPO 1,TLAJOMULCO DE ZUÑIGA,2441,Hombre,33,Trabajador/a,PARTIDO VERDE,PAN,,,20.4751667,-103.4491724,115415,user75
EQUIPO 1,TLAJOMULCO DE ZUÑIGA,2441,Hombre,18,Trabajador/a,MOVIMIENTO CIUDADANO,PRI,,,20.4751738,-103.4491954,115416,user75
EQUIPO 1,TLAJOMULCO DE ZUÑIGA,2441,Mujer,45,Trabajador/a,PAN,MOVIMIENTO CIUDADANO,,,20.475125,-103.449181,115417,user75
EQUIPO 3,TLAJOMULCO DE ZUÑIGA,3470,Hombre,19,Trabajador/a,MORENA,PAN,,,20.52886,-103.4029338,115418,user141
EQUIPO 3,TLAJOMULCO DE ZUÑIGA,3470,Hombre,68,Trabajador/a,MOVIMIENTO CIUDADANO,PAN,,,20.5275422,-103.4030181,115419,user79
EQUIPO 4,ZAPOPAN,3639,Hombre,30,Trabajador/a,MORENA,PRI,MORENA,PRI,20.6220872,-103.4637918,115420,user161
EQUIPO 4,ZAPOPAN,3639,Mujer,50,Trabajador/a,Aún no decide,Aún no decide,Aún no decide,Aún no decide,20.6220551,-103.4636501,115421,user161
EQUIPO 4,ZAPOPAN,3639,Mujer,46,Trabajador/a,MORENA,PRI,MORENA,PRI,20.6220935,-103.4633796,115422,user161
EQUIPO 4,ZAPOPAN,3639,Hombre,19,Trabajador/a,MOVIMIENTO CIUDADANO,PAN,MOVIMIENTO CIUDADANO,PAN,20.6218349,-103.4633936,115423,user161
EQUIPO 2,TLAJOMULCO DE ZUÑIGA,2457,Mujer,42,Trabajador/a,Ninguno,Ninguno,,,20.4810757,-103.5051527,115424,user144
EQUIPO 4,ZAPOPAN,3639,Mujer,52,Desempleado,Ninguno,Ninguno,Ninguno,Ninguno,20.6220875,-103.4639371,115425,user98
EQUIPO 4,ZAPOPAN,3639,Mujer,45,Cuidado del hogar,MOVIMIENTO CIUDADANO,PRI,MOVIMIENTO CIUDADANO,PRI,20.6219504,-103.4641049,115426,user98
EQUIPO 4,ZAPOPAN,3639,Hombre,22,Trabajador/a,PAN,MORENA,PAN,MORENA,20.6219462,-103.4641093,115427,user98
EQUIPO 4,ZAPOPAN,3639,Hombre,28,Trabajador/a,PRI,MORENA,PRI,MORENA,20.6218909,-103.4641243,115428,user98
EQUIPO 4,ZAPOPAN,3639,Mujer,56,Cuidado del hogar,MOVIMIENTO CIUDADANO,PRI,MOVIMIENTO CIUDADANO,PRI,20.6215167,-103.4638527,115429,user136
EQUIPO 4,ZAPOPAN,3639,Mujer,45,Cuidado del hogar,PARTIDO DEL TRABAJO,MORENA,PARTIDO DEL TRABAJO,MORENA,20.6213515,-103.463023,115430,user136
EQUIPO 4,ZAPOPAN,3639,Mujer,57,Cuidado del hogar,PRI,MORENA,MOVIMIENTO CIUDADANO,PAN,20.6214426,-103.462992,115431,user136
EQUIPO 4,ZAPOPAN,3639,Mujer,75,Cuidado del hogar,PARTIDO VERDE,MORENA,PARTIDO DEL TRABAJO,MORENA,20.6214603,-103.4630047,115432,user136
EQUIPO 1,TLAJOMULCO DE ZUÑIGA,2441,Mujer,18,Trabajador/a,PARTIDO DEL TRABAJO,MORENA,,,20.475211,-103.4495435,115433,user75
EQUIPO 1,TLAJOMULCO DE ZUÑIGA,2441,Mujer,30,Cuidado del hogar,MOVIMIENTO CIUDADANO,PRI,,,20.4752051,-103.4497616,115434,user75
EQUIPO 1,TLAJOMULCO DE ZUÑIGA,2441,Hombre,76,Jubilado/a – pensionado/a,MORENA,Ninguno,,,20.4740308,-103.4490635,115435,user137
EQUIPO 1,TLAJOMULCO DE ZUÑIGA,2441,Mujer,74,Trabajador/a,Aún no decide,Ninguno,,,20.4753791,-103.4493079,115436,user137
EQUIPO 1,TLAJOMULCO DE ZUÑIGA,2441,Mujer,35,Cuidado del hogar,Aún no decide,PARTIDO VERDE,,,20.4748401,-103.4500668,115437,user137
EQUIPO 1,TLAJOMULCO DE ZUÑIGA,2441,Mujer,58,Cuidado del hogar,MORENA,PRI,,,20.4745627,-103.4501552,115438,user137
EQUIPO 1,TLAJOMULCO DE ZUÑIGA,2441,Mujer,54,Cuidado del hogar,MOVIMIENTO CIUDADANO,PAN,,,20.4741237,-103.4501533,115439,user137
EQUIPO 1,TLAJOMULCO DE ZUÑIGA,2441,Mujer,68,Cuidado del hogar,MORENA,MOVIMIENTO CIUDADANO,,,20.4743342,-103.4501634,115440,user137
EQUIPO 3,TLAJOMULCO DE ZUÑIGA,3469,Mujer,46,Cuidado del hogar,MOVIMIENTO CIUDADANO,MORENA,,,20.5169068,-103.3941179,115441,user79
EQUIPO 3,TLAJOMULCO DE ZUÑIGA,3469,Mujer,40,Cuidado del hogar,Aún no decide,Aún no decide,,,20.5169672,-103.3945421,115442,user79
EQUIPO 3,TLAJOMULCO DE ZUÑIGA,3469,Hombre,42,Trabajador/a,Ninguno,Ninguno,,,20.5168672,-103.3944933,115443,user79
EQUIPO 1,TLAJOMULCO DE ZUÑIGA,2442,Mujer,24,Trabajador/a,MOVIMIENTO CIUDADANO,PAN,,,20.4731221,-103.4492514,115444,user66
EQUIPO 1,TLAJOMULCO DE ZUÑIGA,2442,Hombre,24,Trabajador/a,MOVIMIENTO CIUDADANO,PAN,,,20.4731679,-103.4493236,115445,user66
EQUIPO 1,TLAJOMULCO DE ZUÑIGA,2442,Mujer,68,Trabajador/a,MOVIMIENTO CIUDADANO,No contestó,,,20.4723726,-103.4491918,115446,user66
EQUIPO 1,TLAJOMULCO DE ZUÑIGA,2442,Mujer,65,Cuidado del hogar,MORENA,PAN,,,20.4715904,-103.4494545,115447,user66
EQUIPO 1,TLAJOMULCO DE ZUÑIGA,2442,Mujer,60,Cuidado del hogar,Aún no decide,No contestó,,,20.471076,-103.4482611,115448,user66
EQUIPO 1,TLAJOMULCO DE ZUÑIGA,2442,Mujer,64,Cuidado del hogar,MORENA,PAN,,,20.4707742,-103.4487252,115449,user66
EQUIPO 1,TLAJOMULCO DE ZUÑIGA,2442,Mujer,20,Trabajador/a,MOVIMIENTO CIUDADANO,PAN,,,20.4744987,-103.4489811,115450,user154
EQUIPO 1,TLAJOMULCO DE ZUÑIGA,2442,Hombre,22,Trabajador/a,MOVIMIENTO CIUDADANO,MORENA,,,20.4739164,-103.4490833,115451,user154
EQUIPO 1,TLAJOMULCO DE ZUÑIGA,2442,Mujer,35,Trabajador/a,MORENA,MOVIMIENTO CIUDADANO,,,20.4743103,-103.4498643,115452,user154
EQUIPO 1,TLAJOMULCO DE ZUÑIGA,2442,Hombre,35,Trabajador/a,Aún no decide,PAN,,,20.4723405,-103.4493327,115453,user154
EQUIPO 1,TLAJOMULCO DE ZUÑIGA,2442,Mujer,27,Desempleado,PARTIDO VERDE,MORENA,,,20.4712694,-103.4511479,115454,user154
EQUIPO 3,TLAJOMULCO DE ZUÑIGA,3469,Mujer,63,Cuidado del hogar,MORENA,PRI,,,20.516293,-103.394382,115455,user82
EQUIPO 3,TLAJOMULCO DE ZUÑIGA,3469,Mujer,30,Trabajador/a,No contestó,MORENA,,,20.5165487,-103.3944811,115456,user82
EQUIPO 3,TLAJOMULCO DE ZUÑIGA,3469,Mujer,52,Trabajador/a,MORENA,MOVIMIENTO CIUDADANO,,,20.5166833,-103.3944355,115457,user82
EQUIPO 2,TLAJOMULCO DE ZUÑIGA,3813,Hombre,53,Trabajador/a,MOVIMIENTO CIUDADANO,PARTIDO VERDE,,,20.4860578,-103.485091,115458,user149
EQUIPO 2,TLAJOMULCO DE ZUÑIGA,3813,Mujer,31,Trabajador/a,Ninguno,MORENA,,,20.4860367,-103.4855335,115459,user91
EQUIPO 2,TLAJOMULCO DE ZUÑIGA,3813,Hombre,35,Trabajador/a,MOVIMIENTO CIUDADANO,MORENA,,,20.485978,-103.4851598,115460,user91
EQUIPO 3,TLAJOMULCO DE ZUÑIGA,3469,Mujer,28,Cuidado del hogar,MORENA,PRI,,,20.5164249,-103.393455,115461,user83
EQUIPO 3,TLAJOMULCO DE ZUÑIGA,3469,Hombre,41,Trabajador/a,PAN,MORENA,,,20.5164978,-103.3935075,115462,user83
EQUIPO 3,TLAJOMULCO DE ZUÑIGA,3469,Mujer,41,Trabajador/a,MORENA,PRI,,,20.5166492,-103.3934872,115463,user83
EQUIPO 3,TLAJOMULCO DE ZUÑIGA,3469,Hombre,41,Trabajador/a,PARTIDO VERDE,PAN,,,20.5169728,-103.3941447,115464,user83
EQUIPO 2,TLAJOMULCO DE ZUÑIGA,3813,Mujer,47,Trabajador/a,Aún no decide,PRI,,,20.4859154,-103.4843907,115465,user91
EQUIPO 2,TLAJOMULCO DE ZUÑIGA,3813,Mujer,32,Trabajador/a,Ninguno,PAN,,,20.4859673,-103.4850195,115466,user138
EQUIPO 2,TLAJOMULCO DE ZUÑIGA,3813,Hombre,66,Jubilado/a – pensionado/a,MOVIMIENTO CIUDADANO,PRI,,,20.4858044,-103.4846152,115467,user138
EQUIPO 2,TLAJOMULCO DE ZUÑIGA,3813,Hombre,71,Jubilado/a – pensionado/a,Aún no decide,MORENA,,,20.4858908,-103.4843771,115468,user138
EQUIPO 2,TLAJOMULCO DE ZUÑIGA,3813,Mujer,30,Trabajador/a,Ninguno,PRI,,,20.488738,-103.4832371,115469,user140
EQUIPO 2,TLAJOMULCO DE ZUÑIGA,3813,Hombre,20,Trabajador/a,Ninguno,PRI,,,20.4860085,-103.4856884,115470,user140
EQUIPO 2,TLAJOMULCO DE ZUÑIGA,3813,Mujer,62,Trabajador/a,Ninguno,MORENA,,,20.4862629,-103.4854525,115471,user140
EQUIPO 3,TLAJOMULCO DE ZUÑIGA,3469,Mujer,32,Trabajador/a,PRI,PARTIDO DEL TRABAJO,,,20.5162908,-103.393995,115472,user193
EQUIPO 3,TLAJOMULCO DE ZUÑIGA,3469,Hombre,34,Trabajador/a,Ninguno,MORENA,,,20.5166325,-103.3940341,115473,user193
EQUIPO 3,TLAJOMULCO DE ZUÑIGA,3469,Hombre,66,Trabajador/a,MORENA,Ninguno,,,20.5168313,-103.3940244,115474,user193
EQUIPO 4,ZAPOPAN,3636,Mujer,60,Cuidado del hogar,PAN,PRI,PAN,MORENA,20.6261466,-103.4796199,115475,user161
EQUIPO 4,ZAPOPAN,3636,Hombre,47,Trabajador/a,PRI,MORENA,PRI,MORENA,20.6260571,-103.479429,115476,user161
EQUIPO 4,ZAPOPAN,3636,Hombre,38,Trabajador/a,MOVIMIENTO CIUDADANO,PRI,MOVIMIENTO CIUDADANO,PRI,20.6257878,-103.4796159,115477,user161
EQUIPO 4,ZAPOPAN,3636,Mujer,68,Jubilado/a – pensionado/a,Aún no decide,Aún no decide,Aún no decide,Aún no decide,20.6254241,-103.4804003,115478,user161
EQUIPO 4,ZAPOPAN,3636,Hombre,60,Trabajador/a,PRI,Aún no decide,PRI,Aún no decide,20.6261636,-103.4803118,115479,user136
EQUIPO 4,ZAPOPAN,3636,Mujer,55,Trabajador/a,MOVIMIENTO CIUDADANO,PRI,PRI,PRI,20.6254995,-103.4791804,115480,user98
EQUIPO 4,ZAPOPAN,3636,Hombre,31,Trabajador/a,MORENA,PRI,MORENA,PRI,20.6263952,-103.4801787,115481,user136
EQUIPO 4,ZAPOPAN,3636,Hombre,33,Trabajador/a,Aún no decide,PRI,Aún no decide,PRI,20.6260596,-103.4802256,115482,user186
EQUIPO 4,ZAPOPAN,3636,Mujer,49,Cuidado del hogar,Ninguno,MORENA,MOVIMIENTO CIUDADANO,MORENA,20.6257233,-103.4797939,115483,user98
EQUIPO 4,ZAPOPAN,3636,Mujer,36,Cuidado del hogar,PRI,MORENA,PRI,MORENA,20.6267074,-103.4809395,115484,user136
EQUIPO 4,ZAPOPAN,3636,Mujer,66,Trabajador/a,PRI,MORENA,PRI,MORENA,20.6258713,-103.4799099,115485,user98
EQUIPO 4,ZAPOPAN,3636,Hombre,67,Trabajador/a,PRI,MOVIMIENTO CIUDADANO,PRI,MOVIMIENTO CIUDADANO,20.6258384,-103.4803205,115486,user136
EQUIPO 1,TLAJOMULCO DE ZUÑIGA,3589,Mujer,41,Trabajador/a,Aún no decide,PRI,,,20.5204778,-103.4672747,115487,user191
EQUIPO 1,TLAJOMULCO DE ZUÑIGA,2442,Mujer,35,Trabajador/a,MORENA,PRI,,,20.521303,-103.4671945,115488,user154
EQUIPO 1,TLAJOMULCO DE ZUÑIGA,3589,Mujer,64,Cuidado del hogar,Aún no decide,PRI,,,20.5205624,-103.4677686,115489,user137
EQUIPO 1,TLAJOMULCO DE ZUÑIGA,3589,Mujer,32,Cuidado del hogar,MOVIMIENTO CIUDADANO,PRI,,,20.5208079,-103.4681256,115490,user137
EQUIPO 1,TLAJOMULCO DE ZUÑIGA,3589,Mujer,52,Cuidado del hogar,MOVIMIENTO CIUDADANO,PRI,,,20.5204887,-103.4674861,115491,user137
EQUIPO 1,TLAJOMULCO DE ZUÑIGA,3589,Mujer,62,Trabajador/a,MORENA,PRI,,,20.5208202,-103.4672365,115492,user66
EQUIPO 1,TLAJOMULCO DE ZUÑIGA,3589,Hombre,62,Trabajador/a,MORENA,MOVIMIENTO CIUDADANO,,,20.5208405,-103.4671208,115493,user154
EQUIPO 1,TLAJOMULCO DE ZUÑIGA,3589,Hombre,62,Jubilado/a – pensionado/a,MORENA,MOVIMIENTO CIUDADANO,,,20.5208613,-103.4672322,115494,user66
EQUIPO 1,TLAJOMULCO DE ZUÑIGA,3589,Mujer,52,Trabajador/a,Aún no decide,MOVIMIENTO CIUDADANO,,,20.5209456,-103.46692,115495,user154
EQUIPO 1,TLAJOMULCO DE ZUÑIGA,3589,Mujer,26,Trabajador/a,Ninguno,No contestó,,,20.5207071,-103.466671,115496,user154
EQUIPO 1,TLAJOMULCO DE ZUÑIGA,3589,Mujer,22,Cuidado del hogar,Aún no decide,MOVIMIENTO CIUDADANO,,,20.520841,-103.4669411,115497,user66
EQUIPO 1,TLAJOMULCO DE ZUÑIGA,3589,Hombre,70,Jubilado/a – pensionado/a,No contestó,MORENA,,,20.7450939,-103.419605,115498,user75
EQUIPO 1,TLAJOMULCO DE ZUÑIGA,3589,Mujer,25,Trabajador/a,MOVIMIENTO CIUDADANO,PARTIDO VERDE,,,20.7332076,-103.4291633,115499,user75
EQUIPO 1,TLAJOMULCO DE ZUÑIGA,3589,Mujer,27,Cuidado del hogar,MORENA,PRI,,,20.5204119,-103.4686263,115500,user75
EQUIPO 2,TLAJOMULCO DE ZUÑIGA,3811,Mujer,23,Trabajador/a,Ninguno,Ninguno,,,20.4992736,-103.4199571,115501,user138
EQUIPO 2,TLAJOMULCO DE ZUÑIGA,3811,Mujer,19,Estudio y trabajo,MOVIMIENTO CIUDADANO,MORENA,,,20.4993314,-103.4201008,115502,user138
EQUIPO 2,TLAJOMULCO DE ZUÑIGA,3811,Mujer,61,Cuidado del hogar,MORENA,PRI,,,20.4994108,-103.4197946,115503,user138
EQUIPO 2,TLAJOMULCO DE ZUÑIGA,3811,Mujer,28,Trabajador/a,MORENA,PAN,,,20.4996992,-103.4184065,115504,user140
EQUIPO 2,TLAJOMULCO DE ZUÑIGA,3811,Mujer,45,Trabajador/a,PARTIDO VERDE,Ninguno,,,20.4987818,-103.4194079,115505,user140
EQUIPO 2,TLAJOMULCO DE ZUÑIGA,3811,Mujer,39,Cuidado del hogar,MOVIMIENTO CIUDADANO,PRI,,,20.4990717,-103.4192283,115506,user140
EQUIPO 2,TLAJOMULCO DE ZUÑIGA,3813,Mujer,34,Trabajador/a,Ninguno,Ninguno,,,20.485859,-103.4854487,115507,user144
EQUIPO 2,TLAJOMULCO DE ZUÑIGA,3813,Mujer,65,Cuidado del hogar,MORENA,MOVIMIENTO CIUDADANO,,,20.4859347,-103.4852401,115508,user144
EQUIPO 2,TLAJOMULCO DE ZUÑIGA,3813,Mujer,53,Cuidado del hogar,Aún no decide,MORENA,,,20.4859823,-103.4856098,115509,user144
EQUIPO 2,TLAJOMULCO DE ZUÑIGA,3811,Hombre,71,Jubilado/a – pensionado/a,MORENA,PRI,,,20.4996697,-103.4197623,115510,user144
EQUIPO 2,TLAJOMULCO DE ZUÑIGA,3811,Mujer,36,Cuidado del hogar,MOVIMIENTO CIUDADANO,PRI,,,20.499631,-103.420027,115511,user144
EQUIPO 2,TLAJOMULCO DE ZUÑIGA,3811,Hombre,46,Trabajador/a,Ninguno,Ninguno,,,20.4997005,-103.4196696,115512,user144
EQUIPO 3,TLAJOMULCO DE ZUÑIGA,3465,Mujer,20,Cuidado del hogar,MORENA,PRI,,,20.5287503,-103.3874799,115513,user193
EQUIPO 3,TLAJOMULCO DE ZUÑIGA,3465,Mujer,58,Desempleado,PAN,MORENA,,,20.528827,-103.3874664,115514,user193
EQUIPO 3,TLAJOMULCO DE ZUÑIGA,3465,Hombre,21,Trabajador/a,Aún no decide,Aún no decide,,,20.5288972,-103.3874981,115515,user193
EQUIPO 3,TLAJOMULCO DE ZUÑIGA,3465,Mujer,37,Trabajador/a,MOVIMIENTO CIUDADANO,PAN,,,20.517319,-103.3973871,115516,user83
EQUIPO 3,TLAJOMULCO DE ZUÑIGA,3465,Mujer,70,Trabajador/a,MORENA,PRI,,,20.5297968,-103.3870461,115517,user83
EQUIPO 3,TLAJOMULCO DE ZUÑIGA,3465,Hombre,72,Jubilado/a – pensionado/a,MORENA,PRI,,,20.5349575,-103.3993955,115518,user83
EQUIPO 3,TLAJOMULCO DE ZUÑIGA,3465,Mujer,46,Cuidado del hogar,PARTIDO VERDE,PRI,,,20.5285168,-103.3874091,115519,user79
EQUIPO 4,ZAPOPAN,3153,Mujer,55,Cuidado del hogar,Aún no decide,Aún no decide,Aún no decide,Aún no decide,20.6350115,-103.469993,115520,user161
EQUIPO 4,ZAPOPAN,3153,Mujer,58,Cuidado del hogar,Aún no decide,Aún no decide,Aún no decide,Aún no decide,20.6227513,-103.4560629,115521,user161
EQUIPO 4,ZAPOPAN,3153,Hombre,19,Estudiante,PARTIDO DEL TRABAJO,PRI,PARTIDO VERDE,PRI,20.6334573,-103.4701957,115522,user161
EQUIPO 4,ZAPOPAN,3153,Mujer,29,Trabajador/a,PARTIDO DEL TRABAJO,MORENA,MORENA,PRI,20.633293,-103.4703162,115523,user161
EQUIPO 3,TLAJOMULCO DE ZUÑIGA,3465,Mujer,56,Cuidado del hogar,MOVIMIENTO CIUDADANO,MORENA,,,20.528643,-103.385087,115524,user79
EQUIPO 3,TLAJOMULCO DE ZUÑIGA,3465,Hombre,33,Trabajador/a,MORENA,PAN,,,20.5286693,-103.3853266,115525,user79
EQUIPO 3,TLAJOMULCO DE ZUÑIGA,3465,Mujer,60,Jubilado/a – pensionado/a,PRI,MORENA,,,20.5300653,-103.3858818,115526,user141
EQUIPO 4,ZAPOPAN,3153,Mujer,65,Cuidado del hogar,Ninguno,Ninguno,Ninguno,Ninguno,20.6227515,-103.4560624,115527,user98
EQUIPO 4,ZAPOPAN,3153,Mujer,65,Cuidado del hogar,MORENA,Ninguno,Ninguno,Ninguno,20.6337315,-103.4702748,115528,user98
EQUIPO 4,ZAPOPAN,3153,Mujer,61,Cuidado del hogar,Aún no decide,Aún no decide,Aún no decide,Aún no decide,20.6332619,-103.4702208,115529,user98
EQUIPO 4,ZAPOPAN,3153,Mujer,26,Trabajador/a,Ninguno,Ninguno,Ninguno,Ninguno,20.6333719,-103.4693253,115530,user98
EQUIPO 2,TLAJOMULCO DE ZUÑIGA,3811,Mujer,67,Cuidado del hogar,MOVIMIENTO CIUDADANO,PRI,,,20.4993288,-103.4183883,115531,user91
EQUIPO 2,TLAJOMULCO DE ZUÑIGA,3811,Mujer,69,Cuidado del hogar,MORENA,No contestó,,,20.4991329,-103.4195432,115532,user91
EQUIPO 2,TLAJOMULCO DE ZUÑIGA,3811,Mujer,51,Cuidado del hogar,PAN,Aún no decide,,,20.4989305,-103.4199291,115533,user91
EQUIPO 4,ZAPOPAN,3153,Mujer,29,Trabajador/a,Ninguno,Ninguno,Ninguno,Ninguno,20.6348465,-103.4699202,115534,user136
EQUIPO 4,ZAPOPAN,3153,Mujer,21,Cuidado del hogar,MORENA,PAN,MORENA,PAN,20.6335005,-103.469624,115535,user136
EQUIPO 4,ZAPOPAN,3153,Mujer,31,Trabajador/a,MORENA,PAN,PARTIDO VERDE,PRI,20.6333053,-103.4695702,115536,user136
EQUIPO 4,ZAPOPAN,3153,Mujer,24,Trabajador/a,MOVIMIENTO CIUDADANO,MORENA,MOVIMIENTO CIUDADANO,PAN,20.6327823,-103.468552,115537,user136
EQUIPO 2,TLAJOMULCO DE ZUÑIGA,3811,Mujer,49,Cuidado del hogar,MOVIMIENTO CIUDADANO,MORENA,,,20.5001972,-103.4194161,115538,user149
EQUIPO 1,TLAJOMULCO DE ZUÑIGA,3732,Mujer,48,Cuidado del hogar,MOVIMIENTO CIUDADANO,PRI,,,20.5508539,-103.4629614,115539,user137
EQUIPO 1,TLAJOMULCO DE ZUÑIGA,3732,Mujer,30,Cuidado del hogar,Aún no decide,MORENA,,,20.5508737,-103.463742,115540,user137
EQUIPO 1,TLAJOMULCO DE ZUÑIGA,3732,Hombre,61,Trabajador/a,MOVIMIENTO CIUDADANO,PRI,,,20.5510796,-103.4638227,115541,user137
EQUIPO 1,TLAJOMULCO DE ZUÑIGA,3732,Mujer,81,Jubilado/a – pensionado/a,MORENA,PRI,,,20.5511953,-103.4638295,115542,user75
EQUIPO 1,TLAJOMULCO DE ZUÑIGA,3732,Mujer,25,Trabajador/a,MOVIMIENTO CIUDADANO,PRI,,,20.5514197,-103.4637847,115543,user75
EQUIPO 1,TLAJOMULCO DE ZUÑIGA,3732,Mujer,57,Cuidado del hogar,MOVIMIENTO CIUDADANO,PAN,,,20.5520477,-103.4639273,115544,user75
EQUIPO 1,TLAJOMULCO DE ZUÑIGA,3732,Hombre,67,Trabajador/a,MOVIMIENTO CIUDADANO,MORENA,,,20.5512542,-103.4636118,115545,user66
EQUIPO 1,TLAJOMULCO DE ZUÑIGA,3732,Mujer,27,Estudio y trabajo,Ninguno,PRI,,,20.5497433,-103.4642274,115546,user66
EQUIPO 1,TLAJOMULCO DE ZUÑIGA,3732,Mujer,47,Cuidado del hogar,MOVIMIENTO CIUDADANO,MORENA,,,20.5507627,-103.4639601,115547,user154
EQUIPO 1,TLAJOMULCO DE ZUÑIGA,3732,Mujer,29,Cuidado del hogar,MORENA,Ninguno,,,20.5504143,-103.4641232,115548,user66
EQUIPO 1,TLAJOMULCO DE ZUÑIGA,3732,Mujer,32,Estudiante,Aún no decide,Aún no decide,,,20.5501949,-103.4641004,115549,user154
EQUIPO 1,TLAJOMULCO DE ZUÑIGA,3732,Mujer,55,Cuidado del hogar,PRI,MORENA,,,20.5511828,-103.4635693,115550,user154
EQUIPO 4,ZAPOPAN,3547,Mujer,34,Cuidado del hogar,Ninguno,Ninguno,Ninguno,Ninguno,20.6353841,-103.4700695,115551,user98
EQUIPO 4,ZAPOPAN,3547,Mujer,55,Cuidado del hogar,Aún no decide,MORENA,Aún no decide,MORENA,20.6363714,-103.4697793,115552,user98
EQUIPO 4,ZAPOPAN,3547,Mujer,37,Trabajador/a,PARTIDO VERDE,PRI,PARTIDO VERDE,PRI,20.6365312,-103.4696787,115553,user98
EQUIPO 4,ZAPOPAN,3547,Hombre,63,Jubilado/a – pensionado/a,MORENA,PAN,MORENA,PARTIDO VERDE,20.6365,-103.4696061,115554,user98
EQUIPO 3,TLAJOMULCO DE ZUÑIGA,3464,Mujer,23,Trabajador/a,MOVIMIENTO CIUDADANO,PRI,,,20.5325491,-103.3845939,115555,user193
EQUIPO 3,TLAJOMULCO DE ZUÑIGA,3464,Mujer,45,Cuidado del hogar,Aún no decide,MORENA,,,20.5315631,-103.3834621,115556,user193
EQUIPO 4,ZAPOPAN,3547,Mujer,65,Trabajador/a,Aún no decide,Aún no decide,Aún no decide,Aún no decide,20.6355693,-103.4698586,115557,user161
EQUIPO 4,ZAPOPAN,3547,Mujer,57,Cuidado del hogar,MOVIMIENTO CIUDADANO,MORENA,MOVIMIENTO CIUDADANO,MORENA,20.6362066,-103.4697851,115558,user161
EQUIPO 4,ZAPOPAN,3547,Mujer,45,Trabajador/a,Aún no decide,PRI,Aún no decide,Aún no decide,20.636523,-103.4699219,115559,user161
EQUIPO 4,ZAPOPAN,3547,Mujer,35,Cuidado del hogar,MORENA,PRI,MOVIMIENTO CIUDADANO,PRI,20.6360877,-103.4699975,115560,user136
EQUIPO 4,ZAPOPAN,3547,Mujer,57,Trabajador/a,Ninguno,MORENA,Ninguno,PAN,20.6365343,-103.4698579,115561,user161
EQUIPO 4,ZAPOPAN,3547,Mujer,51,Cuidado del hogar,Aún no decide,Aún no decide,Aún no decide,Aún no decide,20.63707,-103.4695654,115562,user136
EQUIPO 4,ZAPOPAN,3547,Mujer,60,Cuidado del hogar,No contestó,No contestó,No contestó,No contestó,20.6369342,-103.4690297,115563,user136
EQUIPO 4,ZAPOPAN,3547,Mujer,57,Cuidado del hogar,PARTIDO VERDE,PRI,PARTIDO VERDE,PRI,20.6363271,-103.4689793,115564,user136
EQUIPO 3,TLAJOMULCO DE ZUÑIGA,3464,Mujer,20,Trabajador/a,MOVIMIENTO CIUDADANO,MORENA,,,20.5324836,-103.3845583,115565,user83
EQUIPO 3,TLAJOMULCO DE ZUÑIGA,3464,Hombre,23,Trabajador/a,MOVIMIENTO CIUDADANO,MORENA,,,20.5323345,-103.3851729,115566,user83
EQUIPO 3,TLAJOMULCO DE ZUÑIGA,3464,Mujer,52,Trabajador/a,Aún no decide,MORENA,,,20.531983,-103.3840032,115567,user83
EQUIPO 3,TLAJOMULCO DE ZUÑIGA,3465,Hombre,49,Trabajador/a,MOVIMIENTO CIUDADANO,PAN,,,20.5298996,-103.3869266,115568,user82
EQUIPO 3,TLAJOMULCO DE ZUÑIGA,3465,Mujer,19,Trabajador/a,MOVIMIENTO CIUDADANO,PRI,,,20.5298996,-103.3869266,115569,user82
EQUIPO 3,TLAJOMULCO DE ZUÑIGA,3465,Mujer,65,Cuidado del hogar,Aún no decide,No contestó,,,20.5298245,-103.3848523,115570,user82
EQUIPO 3,TLAJOMULCO DE ZUÑIGA,3465,Hombre,44,Trabajador/a,PRI,PAN,,,20.532421,-103.384404,115571,user82
EQUIPO 3,TLAJOMULCO DE ZUÑIGA,3465,Mujer,77,Cuidado del hogar,MORENA,Ninguno,,,20.5320916,-103.3846344,115572,user82
EQUIPO 3,TLAJOMULCO DE ZUÑIGA,3465,Hombre,42,Trabajador/a,Aún no decide,Aún no decide,,,20.5316076,-103.3845875,115573,user82
EQUIPO 2,TLAJOMULCO DE ZUÑIGA,4147,Mujer,49,Cuidado del hogar,MOVIMIENTO CIUDADANO,PRI,,,20.5293116,-103.3881187,115574,user149
EQUIPO 2,TLAJOMULCO DE ZUÑIGA,4147,Mujer,43,Trabajador/a,MORENA,PRI,,,20.5290626,-103.3879493,115575,user149
EQUIPO 2,TLAJOMULCO DE ZUÑIGA,4147,Mujer,53,Cuidado del hogar,MOVIMIENTO CIUDADANO,PRI,,,20.5291752,-103.3880046,115576,user138
EQUIPO 2,TLAJOMULCO DE ZUÑIGA,4147,Mujer,45,Cuidado del hogar,Ninguno,PRI,,,20.5289881,-103.3879643,115577,user138
EQUIPO 2,TLAJOMULCO DE ZUÑIGA,4147,Hombre,56,Jubilado/a – pensionado/a,MOVIMIENTO CIUDADANO,MORENA,,,20.5294026,-103.3883219,115578,user138
EQUIPO 2,TLAJOMULCO DE ZUÑIGA,4147,Hombre,70,Trabajador/a,MORENA,Aún no decide,,,20.5292646,-103.3880177,115579,user91
EQUIPO 2,TLAJOMULCO DE ZUÑIGA,4147,Mujer,28,Trabajador/a,Aún no decide,Aún no decide,,,20.528818,-103.3879078,115580,user91
EQUIPO 2,TLAJOMULCO DE ZUÑIGA,4147,Mujer,57,Cuidado del hogar,MORENA,PRI,,,20.5288742,-103.3885847,115581,user140
EQUIPO 2,TLAJOMULCO DE ZUÑIGA,4147,Mujer,31,Cuidado del hogar,PAN,MORENA,,,20.5285909,-103.3884429,115582,user140
EQUIPO 2,TLAJOMULCO DE ZUÑIGA,4147,Hombre,21,Trabajador/a,MOVIMIENTO CIUDADANO,PRI,,,20.5291874,-103.3888897,115583,user140
EQUIPO 1,ZAPOPAN,3222,Hombre,52,Trabajador/a,MORENA,PRI,Aún no decide,PRI,20.6032395,-103.432094,115584,user137
EQUIPO 1,ZAPOPAN,3222,Mujer,98,Cuidado del hogar,Aún no decide,Ninguno,Ninguno,Ninguno,20.6034318,-103.432344,115585,user137
EQUIPO 1,ZAPOPAN,3222,Mujer,50,Cuidado del hogar,Aún no decide,Aún no decide,Aún no decide,Aún no decide,20.6034767,-103.4319979,115586,user137
EQUIPO 1,ZAPOPAN,3222,Mujer,53,Trabajador/a,MORENA,PRI,MORENA,PRI,20.6032957,-103.4319431,115587,user66
EQUIPO 1,ZAPOPAN,3222,Hombre,53,Trabajador/a,MORENA,Ninguno,MORENA,Ninguno,20.6026995,-103.4317403,115588,user66
EQUIPO 1,ZAPOPAN,3222,Hombre,24,Trabajador/a,PARTIDO VERDE,MORENA,PARTIDO VERDE,No contestó,20.6027617,-103.4316264,115589,user66
EQUIPO 1,ZAPOPAN,3222,Mujer,20,Trabajador/a,MORENA,PARTIDO VERDE,MORENA,PARTIDO VERDE,20.602836,-103.4315581,115590,user75
EQUIPO 1,ZAPOPAN,3222,Mujer,65,Jubilado/a – pensionado/a,No contestó,No contestó,No contestó,No contestó,20.6030568,-103.4317863,115591,user75
EQUIPO 1,ZAPOPAN,3222,Mujer,22,Cuidado del hogar,Ninguno,MORENA,Ninguno,Ninguno,20.6030563,-103.4317374,115592,user75
EQUIPO 4,ZAPOPAN,3541,Mujer,58,Cuidado del hogar,Aún no decide,Aún no decide,Aún no decide,Aún no decide,20.6381666,-103.4707969,115593,user98
EQUIPO 4,ZAPOPAN,3541,Mujer,44,Cuidado del hogar,Ninguno,Ninguno,Ninguno,Ninguno,20.6381921,-103.4707327,115594,user98
EQUIPO 4,ZAPOPAN,3541,Hombre,45,Trabajador/a,Ninguno,Ninguno,Ninguno,Ninguno,20.638352,-103.4707069,115595,user98
EQUIPO 4,ZAPOPAN,3541,Hombre,57,Trabajador/a,Aún no decide,Ninguno,Ninguno,Ninguno,20.6387939,-103.4705016,115596,user98
EQUIPO 2,TLAJOMULCO DE ZUÑIGA,4147,Mujer,23,Cuidado del hogar,MORENA,PRI,,,20.5288656,-103.3887259,115597,user144
EQUIPO 2,TLAJOMULCO DE ZUÑIGA,4147,Hombre,32,Trabajador/a,MOVIMIENTO CIUDADANO,PRI,,,20.5288455,-103.3886582,115598,user144
EQUIPO 2,TLAJOMULCO DE ZUÑIGA,4147,Hombre,19,Trabajador/a,Aún no decide,Aún no decide,,,20.5293634,-103.3881936,115599,user144
EQUIPO 2,TLAJOMULCO DE ZUÑIGA,4137,Mujer,23,Estudiante,PAN,MORENA,,,20.5358643,-103.4243611,115600,user144
EQUIPO 2,TLAJOMULCO DE ZUÑIGA,4137,Mujer,45,Cuidado del hogar,MORENA,PRI,,,20.536166,-103.4243058,115601,user144
EQUIPO 2,TLAJOMULCO DE ZUÑIGA,4137,Mujer,19,Cuidado del hogar,MOVIMIENTO CIUDADANO,MORENA,,,20.5357086,-103.4246001,115602,user144
EQUIPO 2,TLAJOMULCO DE ZUÑIGA,4137,Hombre,50,Trabajador/a,Ninguno,Ninguno,,,20.5357411,-103.4248937,115603,user140
EQUIPO 2,TLAJOMULCO DE ZUÑIGA,4137,Mujer,18,Estudiante,MORENA,PAN,,,20.5357795,-103.4255464,115604,user140
EQUIPO 2,TLAJOMULCO DE ZUÑIGA,4137,Mujer,31,Trabajador/a,MOVIMIENTO CIUDADANO,PAN,,,20.5357835,-103.4252985,115605,user149
EQUIPO 2,TLAJOMULCO DE ZUÑIGA,4137,Mujer,18,Trabajador/a,MORENA,PARTIDO DEL TRABAJO,,,20.5356641,-103.4247232,115606,user140
EQUIPO 3,TLAJOMULCO DE ZUÑIGA,3390,Mujer,22,Trabajador/a,MOVIMIENTO CIUDADANO,PAN,,,20.5250895,-103.3769977,115607,user83
EQUIPO 3,TLAJOMULCO DE ZUÑIGA,3390,Hombre,27,Trabajador/a,MOVIMIENTO CIUDADANO,MORENA,,,20.5247114,-103.37691,115608,user83
EQUIPO 3,TLAJOMULCO DE ZUÑIGA,3390,Mujer,18,Estudiante,MOVIMIENTO CIUDADANO,MORENA,,,20.5246433,-103.3768817,115609,user83
EQUIPO 3,TLAJOMULCO DE ZUÑIGA,3464,Mujer,47,Trabajador/a,MOVIMIENTO CIUDADANO,PARTIDO VERDE,,,20.525108,-103.3763666,115610,user82
EQUIPO 3,TLAJOMULCO DE ZUÑIGA,3464,Mujer,67,Cuidado del hogar,MOVIMIENTO CIUDADANO,PRI,,,20.5252615,-103.376344,115611,user82
EQUIPO 3,TLAJOMULCO DE ZUÑIGA,3464,Mujer,41,Cuidado del hogar,PAN,PARTIDO VERDE,,,20.525384,-103.3762551,115612,user82
EQUIPO 3,TLAJOMULCO DE ZUÑIGA,3464,Mujer,51,Trabajador/a,PRI,MORENA,,,20.5320399,-103.384047,115613,user141
EQUIPO 3,TLAJOMULCO DE ZUÑIGA,3390,Hombre,59,Trabajador/a,No contestó,PRI,,,20.5246785,-103.3766394,115614,user141
EQUIPO 2,TLAJOMULCO DE ZUÑIGA,4137,Mujer,24,Cuidado del hogar,MOVIMIENTO CIUDADANO,PRI,,,20.5355142,-103.4242904,115615,user138
EQUIPO 2,TLAJOMULCO DE ZUÑIGA,4137,Hombre,66,Trabajador/a,MORENA,MOVIMIENTO CIUDADANO,,,20.5355541,-103.4243727,115616,user138
EQUIPO 2,TLAJOMULCO DE ZUÑIGA,4137,Hombre,44,Trabajador/a,PAN,PARTIDO VERDE,,,20.5355992,-103.4242287,115617,user138
EQUIPO 2,TLAJOMULCO DE ZUÑIGA,4137,Mujer,55,Trabajador/a,Aún no decide,Aún no decide,,,20.5346069,-103.4252803,115618,user91
EQUIPO 2,TLAJOMULCO DE ZUÑIGA,4137,Hombre,68,Jubilado/a – pensionado/a,MOVIMIENTO CIUDADANO,PRI,,,20.5352093,-103.4261011,115619,user91
EQUIPO 4,ZAPOPAN,3541,Mujer,54,Cuidado del hogar,Ninguno,No contestó,Ninguno,Ninguno,20.6381605,-103.4700262,115620,user136
EQUIPO 4,ZAPOPAN,3541,Mujer,64,Trabajador/a,PAN,PARTIDO VERDE,PAN,MOVIMIENTO CIUDADANO,20.6385401,-103.469484,115621,user136
EQUIPO 4,ZAPOPAN,3541,Mujer,48,Trabajador/a,PARTIDO VERDE,MORENA,PRI,PAN,20.6394772,-103.471709,115622,user136
EQUIPO 4,ZAPOPAN,3541,Mujer,26,Trabajador/a,No contestó,Aún no decide,Aún no decide,Aún no decide,20.6384807,-103.4720272,115623,user136
EQUIPO 4,ZAPOPAN,3541,Mujer,34,Trabajador/a,MOVIMIENTO CIUDADANO,PRI,MOVIMIENTO CIUDADANO,PRI,20.6369095,-103.4712985,115624,user161
EQUIPO 4,ZAPOPAN,3541,Mujer,52,Cuidado del hogar,Aún no decide,Aún no decide,Aún no decide,Aún no decide,20.6368164,-103.471358,115625,user161
EQUIPO 4,ZAPOPAN,3541,Mujer,31,Trabajador/a,Aún no decide,Aún no decide,Aún no decide,Aún no decide,20.6368256,-103.4713635,115626,user161
EQUIPO 4,ZAPOPAN,3541,Hombre,21,Trabajador/a,MORENA,PAN,MOVIMIENTO CIUDADANO,No contestó,20.7426919,-103.344765,115627,user161
EQUIPO 1,ZAPOPAN,3207,Mujer,22,Cuidado del hogar,MORENA,PRI,Aún no decide,Aún no decide,20.6130748,-103.4328125,115628,user137
EQUIPO 1,ZAPOPAN,3207,Hombre,83,Jubilado/a – pensionado/a,MORENA,PRI,MORENA,PRI,20.6130103,-103.4329903,115629,user137
EQUIPO 1,ZAPOPAN,3207,Mujer,18,Estudiante,Aún no decide,Aún no decide,Aún no decide,Aún no decide,20.6131018,-103.4331627,115630,user137
EQUIPO 1,ZAPOPAN,3207,Mujer,50,Cuidado del hogar,PRI,MORENA,PRI,MORENA,20.6130399,-103.4333159,115631,user137
EQUIPO 1,ZAPOPAN,3207,Mujer,67,Cuidado del hogar,Aún no decide,PRI,Aún no decide,Ninguno,20.6131964,-103.4339899,115632,user137
EQUIPO 1,ZAPOPAN,3207,Mujer,19,Estudiante,MOVIMIENTO CIUDADANO,PRI,MOVIMIENTO CIUDADANO,PRI,20.6123582,-103.4328708,115633,user137
EQUIPO 3,TLAJOMULCO DE ZUÑIGA,3464,Mujer,43,Trabajador/a,MOVIMIENTO CIUDADANO,MORENA,,,20.5320835,-103.3830215,115634,user79
EQUIPO 3,TLAJOMULCO DE ZUÑIGA,3464,Mujer,63,Trabajador/a,No contestó,No contestó,,,20.5323866,-103.3828445,115635,user79
EQUIPO 3,TLAJOMULCO DE ZUÑIGA,3464,Mujer,31,Cuidado del hogar,Aún no decide,PAN,,,20.532424,-103.3838151,115636,user79
EQUIPO 3,TLAJOMULCO DE ZUÑIGA,3390,Mujer,36,Cuidado del hogar,MOVIMIENTO CIUDADANO,PRI,,,20.5249348,-103.3755904,115637,user79
EQUIPO 3,TLAJOMULCO DE ZUÑIGA,3390,Hombre,69,Cuidado del hogar,MORENA,Aún no decide,,,20.5250334,-103.3758603,115638,user79
EQUIPO 3,TLAJOMULCO DE ZUÑIGA,3390,Hombre,30,Trabajador/a,MOVIMIENTO CIUDADANO,PRI,,,20.5249266,-103.3756089,115639,user79
EQUIPO 3,TLAJOMULCO DE ZUÑIGA,3390,Mujer,20,Cuidado del hogar,Ninguno,MORENA,,,20.5250834,-103.3767183,115640,user193
EQUIPO 3,TLAJOMULCO DE ZUÑIGA,3390,Mujer,33,Trabajador/a,Aún no decide,PRI,,,20.5247513,-103.3766914,115641,user193
EQUIPO 3,TLAJOMULCO DE ZUÑIGA,3390,Mujer,26,Trabajador/a,Ninguno,Aún no decide,,,20.5246776,-103.3762939,115642,user193
EQUIPO 3,TLAJOMULCO DE ZUÑIGA,3390,Hombre,24,Trabajador/a,MORENA,PRI,,,20.5246969,-103.3753549,115643,user193
EQUIPO 2,TLAJOMULCO DE ZUÑIGA,4140,Mujer,26,Trabajador/a,MORENA,PRI,,,20.5328318,-103.4403716,115644,user144
EQUIPO 2,TLAJOMULCO DE ZUÑIGA,4140,Mujer,63,Cuidado del hogar,Aún no decide,Aún no decide,,,20.5328092,-103.4404764,115645,user144
EQUIPO 2,TLAJOMULCO DE ZUÑIGA,4140,Mujer,35,Cuidado del hogar,Ninguno,MORENA,,,20.5325144,-103.4401955,115646,user144
EQUIPO 4,ZAPOPAN,3541,Mujer,43,Trabajador/a,MORENA,MOVIMIENTO CIUDADANO,MORENA,MOVIMIENTO CIUDADANO,20.6381819,-103.470628,115647,user186
EQUIPO 2,TLAJOMULCO DE ZUÑIGA,4140,Mujer,54,Cuidado del hogar,MOVIMIENTO CIUDADANO,PRI,,,20.5327367,-103.4413105,115648,user91
EQUIPO 2,TLAJOMULCO DE ZUÑIGA,4140,Mujer,32,Cuidado del hogar,Ninguno,PRI,,,20.5326871,-103.4413856,115649,user91
EQUIPO 2,TLAJOMULCO DE ZUÑIGA,4140,Mujer,39,Cuidado del hogar,MOVIMIENTO CIUDADANO,MORENA,,,20.5321375,-103.4399585,115650,user138
EQUIPO 2,TLAJOMULCO DE ZUÑIGA,4140,Mujer,44,Trabajador/a,Ninguno,Aún no decide,,,20.5317143,-103.4401083,115651,user138
EQUIPO 2,TLAJOMULCO DE ZUÑIGA,4140,Mujer,26,Cuidado del hogar,MORENA,PRI,,,20.5319774,-103.4400691,115652,user138
EQUIPO 2,TLAJOMULCO DE ZUÑIGA,4140,Hombre,55,Trabajador/a,MORENA,PRI,,,20.5325817,-103.4411973,115653,user149
EQUIPO 2,TLAJOMULCO DE ZUÑIGA,4140,Mujer,66,Cuidado del hogar,Ninguno,PRI,,,20.5320217,-103.4404605,115654,user140
EQUIPO 2,TLAJOMULCO DE ZUÑIGA,4140,Mujer,55,Cuidado del hogar,MORENA,PRI,,,20.5319466,-103.4405383,115655,user140
EQUIPO 2,TLAJOMULCO DE ZUÑIGA,4140,Mujer,40,Cuidado del hogar,MORENA,PRI,,,20.5319842,-103.4405679,115656,user140
EQUIPO 4,ZAPOPAN,3529,Hombre,56,Trabajador/a,MORENA,PAN,MORENA,PAN,20.4906362,-103.4890506,115657,user98
EQUIPO 4,ZAPOPAN,3529,Mujer,32,Trabajador/a,MORENA,Ninguno,MORENA,Ninguno,20.6469735,-103.4764657,115658,user98
EQUIPO 4,ZAPOPAN,3529,Mujer,28,Cuidado del hogar,MOVIMIENTO CIUDADANO,PRI,MOVIMIENTO CIUDADANO,PRI,20.6401868,-103.470509,115659,user98
EQUIPO 4,ZAPOPAN,3529,Mujer,35,Trabajador/a,Ninguno,MORENA,Ninguno,MORENA,20.6401866,-103.4705101,115660,user98
EQUIPO 4,ZAPOPAN,3529,Mujer,52,Cuidado del hogar,MOVIMIENTO CIUDADANO,PAN,MOVIMIENTO CIUDADANO,PAN,20.6464514,-103.4768837,115661,user136
EQUIPO 4,ZAPOPAN,3529,Mujer,27,Cuidado del hogar,MORENA,Aún no decide,MORENA,Aún no decide,20.6464063,-103.4767374,115662,user161
EQUIPO 4,ZAPOPAN,3529,Mujer,32,Trabajador/a,MORENA,PRI,MORENA,PRI,20.6462711,-103.4768033,115663,user136
EQUIPO 4,ZAPOPAN,3529,Mujer,45,Cuidado del hogar,Aún no decide,Ninguno,Ninguno,Ninguno,20.646175,-103.4768382,115664,user161
EQUIPO 4,ZAPOPAN,3529,Mujer,80,Cuidado del hogar,No contestó,No contestó,Aún no decide,Aún no decide,20.6461829,-103.4770844,115665,user136
EQUIPO 4,ZAPOPAN,3529,Hombre,23,Trabajador/a,Aún no decide,Aún no decide,Aún no decide,Aún no decide,20.6461465,-103.4769443,115666,user161
EQUIPO 4,ZAPOPAN,3529,Mujer,27,Cuidado del hogar,PAN,MORENA,No contestó,Aún no decide,20.6464298,-103.4775832,115667,user136
EQUIPO 4,ZAPOPAN,3529,Mujer,59,Cuidado del hogar,MORENA,Ninguno,MORENA,Ninguno,20.6462026,-103.4769244,115668,user161
EQUIPO 1,ZAPOPAN,3207,Hombre,43,Trabajador/a,Ninguno,Ninguno,Ninguno,Ninguno,20.6133913,-103.4325308,115669,user75
EQUIPO 1,ZAPOPAN,3207,Hombre,80,Jubilado/a – pensionado/a,No contestó,No contestó,No contestó,Ninguno,20.6127944,-103.4317216,115670,user75
EQUIPO 1,ZAPOPAN,3207,Hombre,66,Jubilado/a – pensionado/a,MORENA,PARTIDO VERDE,MORENA,PRI,20.6128349,-103.4317216,115671,user75
EQUIPO 1,ZAPOPAN,3207,Mujer,57,Trabajador/a,MOVIMIENTO CIUDADANO,MORENA,MOVIMIENTO CIUDADANO,MORENA,20.6127421,-103.4311325,115672,user75
EQUIPO 1,ZAPOPAN,3207,Mujer,43,Cuidado del hogar,PRI,MORENA,Ninguno,MORENA,20.6121651,-103.4310248,115673,user75
EQUIPO 1,ZAPOPAN,3207,Hombre,21,Trabajador/a,Ninguno,Ninguno,Ninguno,Ninguno,20.6122062,-103.4317148,115674,user75
EQUIPO 1,ZAPOPAN,3209,Mujer,65,Cuidado del hogar,MOVIMIENTO CIUDADANO,MORENA,MOVIMIENTO CIUDADANO,MORENA,20.6175883,-103.4368295,115675,user137
EQUIPO 1,ZAPOPAN,3209,Hombre,37,Trabajador/a,PAN,MORENA,PAN,MORENA,20.6174803,-103.437039,115676,user137
EQUIPO 1,ZAPOPAN,3209,Mujer,80,Cuidado del hogar,MORENA,PRI,MORENA,PRI,20.6174513,-103.4369924,115677,user137
EQUIPO 3,TLAJOMULCO DE ZUÑIGA,3402,Mujer,33,Cuidado del hogar,Aún no decide,Aún no decide,,,20.515518,-103.3826043,115678,user193
EQUIPO 3,TLAJOMULCO DE ZUÑIGA,3402,Mujer,53,Cuidado del hogar,Aún no decide,PAN,,,20.5150293,-103.3825455,115679,user193
EQUIPO 3,TLAJOMULCO DE ZUÑIGA,3402,Mujer,49,Trabajador/a,MOVIMIENTO CIUDADANO,No contestó,,,20.5150521,-103.3826742,115680,user141
EQUIPO 3,TLAJOMULCO DE ZUÑIGA,3402,Mujer,30,Cuidado del hogar,Aún no decide,PAN,,,20.5153521,-103.3824955,115681,user83
EQUIPO 3,TLAJOMULCO DE ZUÑIGA,3402,Mujer,53,Cuidado del hogar,Aún no decide,MORENA,,,20.5152875,-103.3825141,115682,user83
EQUIPO 3,TLAJOMULCO DE ZUÑIGA,3402,Mujer,63,Cuidado del hogar,Aún no decide,PRI,,,20.5146361,-103.3826106,115683,user83
EQUIPO 3,TLAJOMULCO DE ZUÑIGA,3402,Mujer,19,Cuidado del hogar,Aún no decide,PAN,,,20.5158379,-103.3824291,115684,user82
EQUIPO 3,TLAJOMULCO DE ZUÑIGA,3402,Mujer,46,Cuidado del hogar,PARTIDO VERDE,MORENA,,,20.515967,-103.3823568,115685,user82
EQUIPO 3,TLAJOMULCO DE ZUÑIGA,3402,Hombre,51,Trabajador/a,PARTIDO DEL TRABAJO,PRI,,,20.5162012,-103.3823367,115686,user82
EQUIPO 1,ZAPOPAN,3222,Mujer,18,Trabajador/a,MORENA,PRI,Aún no decide,PRI,20.6027561,-103.4309186,115687,user154
EQUIPO 1,ZAPOPAN,3222,Mujer,33,Trabajador/a,MORENA,Aún no decide,MORENA,Aún no decide,20.6028927,-103.4307994,115688,user154
EQUIPO 1,ZAPOPAN,3222,Mujer,53,Trabajador/a,MORENA,PAN,MORENA,PAN,20.6026519,-103.4308898,115689,user154
EQUIPO 1,ZAPOPAN,3208,Mujer,75,Cuidado del hogar,Aún no decide,Aún no decide,Aún no decide,Aún no decide,20.6143027,-103.4307959,115690,user154
EQUIPO 1,ZAPOPAN,3208,Mujer,44,Trabajador/a,MOVIMIENTO CIUDADANO,PRI,MOVIMIENTO CIUDADANO,MOVIMIENTO CIUDADANO,20.6142785,-103.4307769,115691,user154
EQUIPO 1,ZAPOPAN,3208,Mujer,46,Trabajador/a,MOVIMIENTO CIUDADANO,PRI,Ninguno,Aún no decide,20.6143466,-103.4307911,115692,user154
EQUIPO 1,ZAPOPAN,3208,Mujer,19,Estudiante,Aún no decide,PRI,Aún no decide,Aún no decide,20.6143862,-103.4307478,115693,user154
EQUIPO 1,ZAPOPAN,3208,Mujer,22,Cuidado del hogar,Aún no decide,Aún no decide,No contestó,No contestó,20.6143973,-103.4307305,115694,user154
EQUIPO 1,ZAPOPAN,3208,Hombre,68,Jubilado/a – pensionado/a,MORENA,PRI,MORENA,MORENA,20.6140494,-103.4296544,115695,user154
EQUIPO 1,ZAPOPAN,3209,Mujer,31,Trabajador/a,MOVIMIENTO CIUDADANO,MORENA,MORENA,Aún no decide,20.6176028,-103.4362609,115696,user154
EQUIPO 1,ZAPOPAN,3209,Mujer,39,Trabajador/a,PRI,Ninguno,Ninguno,Ninguno,20.617621,-103.436257,115697,user154
EQUIPO 1,ZAPOPAN,3209,Hombre,23,Trabajador/a,Aún no decide,Aún no decide,Aún no decide,Aún no decide,20.6175814,-103.436289,115698,user154
EQUIPO 1,ZAPOPAN,3222,Mujer,36,Cuidado del hogar,Ninguno,Ninguno,Ninguno,Ninguno,20.6131492,-103.4325725,115699,user154
EQUIPO 1,ZAPOPAN,3207,Mujer,69,Cuidado del hogar,MORENA,PRI,MORENA,PAN,20.6147472,-103.431212,115700,user154
EQUIPO 1,TLAJOMULCO DE ZUÑIGA,2441,Hombre,73,Desempleado,MORENA,PRI,,,20.6147339,-103.4310981,115701,user154
EQUIPO 1,ZAPOPAN,3208,Hombre,46,Trabajador/a,MORENA,PRI,MOVIMIENTO CIUDADANO,PAN,20.6170299,-103.4360886,115702,user154
EQUIPO 1,ZAPOPAN,3209,Mujer,32,Cuidado del hogar,PRI,PAN,MOVIMIENTO CIUDADANO,PRI,20.6175537,-103.4362658,115703,user75
EQUIPO 1,ZAPOPAN,3209,Mujer,41,Trabajador/a,MORENA,PRI,PARTIDO VERDE,PRI,20.617311,-103.4363488,115704,user75
EQUIPO 1,ZAPOPAN,3209,Mujer,65,Cuidado del hogar,MORENA,PRI,MOVIMIENTO CIUDADANO,PRI,20.6171749,-103.4363511,115705,user75
EQUIPO 1,ZAPOPAN,3209,Mujer,67,Jubilado/a – pensionado/a,Aún no decide,MORENA,PARTIDO VERDE,PAN,20.6161003,-103.4321763,115706,user66
EQUIPO 1,ZAPOPAN,3222,Hombre,25,Trabajador/a,MORENA,PRI,MOVIMIENTO CIUDADANO,PRI,20.6158583,-103.4321642,115707,user66
EQUIPO 1,ZAPOPAN,3208,Hombre,47,Trabajador/a,Ninguno,Ninguno,Ninguno,Ninguno,20.6144889,-103.4307459,115708,user66
EQUIPO 1,ZAPOPAN,3208,Hombre,47,Trabajador/a,MORENA,MOVIMIENTO CIUDADANO,MORENA,MOVIMIENTO CIUDADANO,20.614309,-103.4308161,115709,user66
EQUIPO 1,ZAPOPAN,3208,Mujer,23,Cuidado del hogar,MORENA,PAN,MORENA,PRI,20.6140541,-103.4295847,115710,user66
EQUIPO 1,ZAPOPAN,3209,Mujer,61,Trabajador/a,MORENA,PRI,MORENA,PARTIDO VERDE,20.6180032,-103.4363963,115711,user66
EQUIPO 1,ZAPOPAN,3209,Mujer,74,Cuidado del hogar,MOVIMIENTO CIUDADANO,PRI,MOVIMIENTO CIUDADANO,Ninguno,20.6180819,-103.4373808,115712,user66
EQUIPO 1,ZAPOPAN,3209,Hombre,31,Trabajador/a,PRI,MOVIMIENTO CIUDADANO,PRI,MORENA,20.6180736,-103.43689,115713,user66
EQUIPO 2,TLAJOMULCO DE ZUÑIGA,3814,Mujer,40,Trabajador/a,MOVIMIENTO CIUDADANO,PRI,,,20.5201529,-103.4543698,115714,user138
EQUIPO 2,TLAJOMULCO DE ZUÑIGA,3814,Mujer,48,Trabajador/a,PAN,MORENA,,,20.5197586,-103.4544439,115715,user138
EQUIPO 2,TLAJOMULCO DE ZUÑIGA,3814,Mujer,45,Cuidado del hogar,Ninguno,No contestó,,,20.5201369,-103.454367,115716,user138
EQUIPO 2,TLAJOMULCO DE ZUÑIGA,3814,Mujer,18,Trabajador/a,PRI,MOVIMIENTO CIUDADANO,,,20.5199199,-103.453389,115717,user149
EQUIPO 2,TLAJOMULCO DE ZUÑIGA,3814,Mujer,38,Trabajador/a,PRI,MORENA,,,20.5192885,-103.4542264,115718,user140
EQUIPO 2,TLAJOMULCO DE ZUÑIGA,4140,Mujer,21,Trabajador/a,MORENA,PRI,,,20.4864643,-103.4841999,115719,user140
EQUIPO 2,TLAJOMULCO DE ZUÑIGA,4140,Mujer,28,Trabajador/a,Aún no decide,MOVIMIENTO CIUDADANO,,,20.5210899,-103.4561964,115720,user140
EQUIPO 4,ZAPOPAN,3119,Mujer,36,Trabajador/a,PRI,MORENA,PRI,MORENA,20.7073189,-103.452422,115721,user98
EQUIPO 4,ZAPOPAN,3119,Mujer,23,Trabajador/a,MOVIMIENTO CIUDADANO,MORENA,MOVIMIENTO CIUDADANO,MORENA,20.7071149,-103.4517403,115722,user98
EQUIPO 4,ZAPOPAN,3119,Hombre,40,Trabajador/a,Aún no decide,MORENA,Aún no decide,MORENA,20.7073527,-103.4518407,115723,user98
EQUIPO 4,ZAPOPAN,3119,Hombre,21,Trabajador/a,MOVIMIENTO CIUDADANO,PRI,MOVIMIENTO CIUDADANO,PRI,20.7075204,-103.4517253,115724,user186
EQUIPO 2,TLAJOMULCO DE ZUÑIGA,3814,Hombre,43,Trabajador/a,MOVIMIENTO CIUDADANO,MORENA,,,20.520056,-103.4542012,115725,user91
EQUIPO 4,ZAPOPAN,3153,Hombre,24,Trabajador/a,Ninguno,Ninguno,Ninguno,PRI,20.7073715,-103.4520008,115726,user161
EQUIPO 2,TLAJOMULCO DE ZUÑIGA,3814,Hombre,30,Trabajador/a,MOVIMIENTO CIUDADANO,Aún no decide,,,20.5201906,-103.4538135,115727,user91
EQUIPO 4,ZAPOPAN,3153,Mujer,18,Trabajador/a,MOVIMIENTO CIUDADANO,Ninguno,PARTIDO DEL TRABAJO,No contestó,20.7070478,-103.451877,115728,user161
EQUIPO 4,ZAPOPAN,3153,Mujer,62,Jubilado/a – pensionado/a,Ninguno,No contestó,PRI,PARTIDO DEL TRABAJO,20.707566,-103.4515208,115729,user161
EQUIPO 4,ZAPOPAN,3153,Hombre,36,Trabajador/a,PRI,No contestó,MOVIMIENTO CIUDADANO,No contestó,20.7075044,-103.4506122,115730,user161
EQUIPO 2,TLAJOMULCO DE ZUÑIGA,3814,Mujer,45,Cuidado del hogar,Ninguno,Ninguno,,,20.5202164,-103.4536769,115731,user91
EQUIPO 2,TLAJOMULCO DE ZUÑIGA,3814,Hombre,18,Desempleado,PRI,PARTIDO VERDE,,,20.5198841,-103.4547313,115732,user144
EQUIPO 2,TLAJOMULCO DE ZUÑIGA,3814,Hombre,67,Jubilado/a – pensionado/a,Aún no decide,Aún no decide,,,20.5200469,-103.4543832,115733,user144
EQUIPO 2,TLAJOMULCO DE ZUÑIGA,3814,Mujer,54,Trabajador/a,Aún no decide,Aún no decide,,,20.5196283,-103.4543815,115734,user144
EQUIPO 4,ZAPOPAN,3119,Mujer,37,Cuidado del hogar,Ninguno,MORENA,PARTIDO DEL TRABAJO,MORENA,20.7075024,-103.453381,115735,user136
EQUIPO 4,ZAPOPAN,3119,Mujer,18,Trabajador/a,PRI,MORENA,PRI,MORENA,20.7073867,-103.4535001,115736,user136
EQUIPO 4,ZAPOPAN,3119,Mujer,45,Cuidado del hogar,PARTIDO VERDE,MORENA,MOVIMIENTO CIUDADANO,MORENA,20.707371,-103.4534138,115737,user136
EQUIPO 4,ZAPOPAN,3119,Mujer,19,Estudiante,MOVIMIENTO CIUDADANO,PAN,PARTIDO VERDE,PAN,20.706966,-103.4535161,115738,user136
EQUIPO 3,TLAJOMULCO DE ZUÑIGA,3447,Mujer,19,Estudiante,MOVIMIENTO CIUDADANO,MORENA,,,20.5410537,-103.366366,115739,user193
EQUIPO 3,TLAJOMULCO DE ZUÑIGA,3447,Mujer,41,Cuidado del hogar,Aún no decide,Aún no decide,,,20.540983,-103.3658521,115740,user193
EQUIPO 3,TLAJOMULCO DE ZUÑIGA,3447,Mujer,37,Trabajador/a,Aún no decide,PAN,,,20.5393416,-103.3663704,115741,user193
EQUIPO 3,TLAJOMULCO DE ZUÑIGA,3470,Hombre,33,Trabajador/a,Aún no decide,MORENA,,,20.5411909,-103.3668693,115742,user83
EQUIPO 3,TLAJOMULCO DE ZUÑIGA,3470,Mujer,78,Cuidado del hogar,MORENA,MOVIMIENTO CIUDADANO,,,20.5410099,-103.3664113,115743,user83
EQUIPO 3,TLAJOMULCO DE ZUÑIGA,3470,Mujer,38,Trabajador/a,Aún no decide,MOVIMIENTO CIUDADANO,,,20.541039,-103.3656452,115744,user83
EQUIPO 3,TLAJOMULCO DE ZUÑIGA,3402,Mujer,50,Trabajador/a,MORENA,PAN,,,20.5162017,-103.3824768,115745,user79
EQUIPO 3,TLAJOMULCO DE ZUÑIGA,3402,Mujer,20,Trabajador/a,MORENA,PRI,,,20.5165191,-103.3829496,115746,user79
EQUIPO 3,TLAJOMULCO DE ZUÑIGA,3402,Mujer,26,Trabajador/a,MORENA,PRI,,,20.516004,-103.3827698,115747,user79
EQUIPO 3,TLAJOMULCO DE ZUÑIGA,3447,Hombre,45,Trabajador/a,MORENA,PRI,,,20.5419033,-103.3667594,115748,user79
EQUIPO 3,TLAJOMULCO DE ZUÑIGA,3447,Hombre,33,Trabajador/a,Aún no decide,MORENA,,,20.5413931,-103.3662149,115749,user79
EQUIPO 3,TLAJOMULCO DE ZUÑIGA,3447,Hombre,79,Jubilado/a – pensionado/a,MOVIMIENTO CIUDADANO,PRI,,,20.5414717,-103.365881,115750,user79
EQUIPO 3,TLAJOMULCO DE ZUÑIGA,3447,Hombre,70,Jubilado/a – pensionado/a,MORENA,PRI,,,20.5431869,-103.3662117,115751,user141
EQUIPO 3,TLAJOMULCO DE ZUÑIGA,3447,Hombre,25,Trabajador/a,MOVIMIENTO CIUDADANO,MORENA,,,20.5414088,-103.3659538,115752,user79
EQUIPO 3,TLAJOMULCO DE ZUÑIGA,3447,Mujer,42,Cuidado del hogar,MORENA,PAN,,,20.5410005,-103.3667525,115753,user82
EQUIPO 3,TLAJOMULCO DE ZUÑIGA,3447,Hombre,60,Trabajador/a,MOVIMIENTO CIUDADANO,PRI,,,20.5409579,-103.3661181,115754,user82
EQUIPO 3,TLAJOMULCO DE ZUÑIGA,3447,Mujer,21,Estudiante,MORENA,PAN,,,20.5412048,-103.365933,115755,user82
EQUIPO 3,TLAJOMULCO DE ZUÑIGA,3446,Mujer,37,Cuidado del hogar,Aún no decide,PARTIDO VERDE,,,20.5430263,-103.3659668,115756,user82
EQUIPO 3,TLAJOMULCO DE ZUÑIGA,3446,Hombre,23,Estudiante,Aún no decide,PRI,,,20.5429154,-103.3664799,115757,user82
EQUIPO 3,TLAJOMULCO DE ZUÑIGA,3446,Mujer,29,Cuidado del hogar,PRI,PARTIDO DEL TRABAJO,,,20.5430267,-103.3659676,115758,user82
EQUIPO 2,TLAJOMULCO DE ZUÑIGA,3577,Mujer,43,Cuidado del hogar,MOVIMIENTO CIUDADANO,Aún no decide,,,20.5376747,-103.4713191,115759,user140
EQUIPO 2,TLAJOMULCO DE ZUÑIGA,3577,Mujer,41,Cuidado del hogar,MORENA,PAN,,,20.537805,-103.4709647,115760,user140
EQUIPO 2,TLAJOMULCO DE ZUÑIGA,3577,Mujer,30,Trabajador/a,MOVIMIENTO CIUDADANO,PARTIDO VERDE,,,20.5376994,-103.4708185,115761,user140
EQUIPO 2,TLAJOMULCO DE ZUÑIGA,3577,Mujer,60,Trabajador/a,MORENA,PRI,,,20.5374957,-103.4711041,115762,user91
EQUIPO 2,TLAJOMULCO DE ZUÑIGA,3577,Hombre,81,Trabajador/a,MORENA,PRI,,,20.5378723,-103.4712116,115763,user91
EQUIPO 3,TLAJOMULCO DE ZUÑIGA,3446,Mujer,47,Cuidado del hogar,MOVIMIENTO CIUDADANO,MORENA,,,20.543454,-103.3671102,115764,user83
EQUIPO 3,TLAJOMULCO DE ZUÑIGA,3446,Mujer,57,Cuidado del hogar,MOVIMIENTO CIUDADANO,MORENA,,,20.5437754,-103.367658,115765,user83
EQUIPO 3,TLAJOMULCO DE ZUÑIGA,3446,Hombre,20,Trabajador/a,MOVIMIENTO CIUDADANO,MORENA,,,20.5440178,-103.36837,115766,user83
EQUIPO 2,TLAJOMULCO DE ZUÑIGA,3577,Hombre,21,Trabajador/a,MORENA,PAN,,,20.5373844,-103.4708589,115767,user144
EQUIPO 3,TLAJOMULCO DE ZUÑIGA,3446,Mujer,71,Cuidado del hogar,MORENA,No contestó,,,20.543485,-103.3673219,115768,user141
EQUIPO 2,TLAJOMULCO DE ZUÑIGA,3577,Hombre,62,Jubilado/a – pensionado/a,Ninguno,Ninguno,,,20.5373012,-103.4707139,115769,user144
EQUIPO 2,TLAJOMULCO DE ZUÑIGA,3577,Hombre,52,Trabajador/a,MOVIMIENTO CIUDADANO,MORENA,,,20.5374139,-103.4712247,115770,user144
EQUIPO 3,TLAJOMULCO DE ZUÑIGA,3446,Mujer,39,Trabajador/a,Ninguno,MORENA,,,20.5435823,-103.3675896,115771,user141
EQUIPO 3,TLAJOMULCO DE ZUÑIGA,3446,Hombre,64,Jubilado/a – pensionado/a,MORENA,PAN,,,20.5440197,-103.36569,115772,user141
EQUIPO 2,TLAJOMULCO DE ZUÑIGA,3577,Mujer,25,Trabajador/a,Ninguno,Ninguno,,,20.5377261,-103.4712325,115773,user140
EQUIPO 2,TLAJOMULCO DE ZUÑIGA,3577,Mujer,35,Cuidado del hogar,MOVIMIENTO CIUDADANO,PRI,,,20.5371394,-103.470887,115774,user138
EQUIPO 2,TLAJOMULCO DE ZUÑIGA,3577,Mujer,65,Cuidado del hogar,Aún no decide,Aún no decide,,,20.5373713,-103.4703856,115775,user138
EQUIPO 2,TLAJOMULCO DE ZUÑIGA,3577,Hombre,63,Trabajador/a,Ninguno,Ninguno,,,20.5371689,-103.4702539,115776,user138
EQUIPO 3,TLAJOMULCO DE ZUÑIGA,3446,Mujer,62,Cuidado del hogar,MOVIMIENTO CIUDADANO,MORENA,,,20.5435199,-103.3668928,115777,user193
EQUIPO 3,TLAJOMULCO DE ZUÑIGA,3446,Mujer,60,Cuidado del hogar,Aún no decide,MORENA,,,20.543746,-103.3669086,115778,user193
EQUIPO 3,TLAJOMULCO DE ZUÑIGA,3446,Hombre,47,Trabajador/a,MOVIMIENTO CIUDADANO,MORENA,,,20.5437859,-103.3671941,115779,user193
